kappa,energy_over_N,energy_std_error_over_N,energy_std_dev_over_N
1.0049731400989754,-0.40334258242982574,0.0017827795265680927,0.0393255699070298
1.0101917268402931,-0.4017489074720565,0.0012075823207348207,0.035611000953615704
1.0194999871596966,-0.4039919442025847,0.001312012178586561,0.03551471334495324
1.0406021525830724,-0.4063571199297463,0.0013015144234223852,0.0347731595715914
1.066454106253719,-0.4064946334752921,0.0011351872675740957,0.034606447067102745
1.23688893825779,-0.4133628010437938,0.0024167097125994312,0.028878128279584296
1.3115463361669062,-0.4170730087392502,0.001306279932043536,0.027450267761266713
1.4025667966204014,-0.4171459534945119,0.0010111539402467612,0.025350440991344775
1.4394287025549888,-0.41776042151751774,0.0009859509939102694,0.024361436963943134
1.4998261109911388,-0.420621243673831,0.0010125975719988958,0.02272720164639378
1.5284290818436392,-0.42034179238262076,0.0006589831251566291,0.022428607132741696
1.5358889914258893,-0.4209504799621602,0.001863475557710704,0.023631726181579958
1.6563217736421139,-0.4229878300037419,0.0010874412132855108,0.025618860462396507
1.9083974307971163,-0.4270082456161923,0.0006999823825590306,0.015968096720641665
1.9173147226811778,-0.42626863425007167,0.0008517668769534546,0.01621915989206799
1.936535853364752,-0.427053582242032,0.0007540161195425185,0.017111233341506306
1.9447443293803859,-0.42694429663583955,0.0007945757703773082,0.017621268004320532
1.963423597363271,-0.42746469554236316,0.0008757744655151865,0.017264699960559127
2.004291676917135,-0.4275566835920465,0.0006137350502376138,0.015402382538506107
2.1096945687826585,-0.4290927427157727,0.0007879529352169359,0.01560361394692311
2.122239991849904,-0.4296500792299057,0.0006917052926170853,0.01366038448125733
2.129516437367782,-0.42847777690213895,0.0005159740243600296,0.0146876404365305
2.16666800385538,-0.43001100847925805,0.0006934344884608406,0.013915545141930748
2.2020785863099475,-0.4312150175823892,0.0013993791790824245,0.015999742557184185
2.2194457061804327,-0.4296701290561838,0.0004441435947282818,0.015364020764930708
2.282938792297883,-0.4300094345225855,0.0004877707794298534,0.01240274204745869
2.3302629904402314,-0.4309485614078813,0.0007140588504864443,0.013696617320436177
2.3909081566493615,-0.43182610743540456,0.0008394758983022014,0.014399086406872602
2.419378900191419,-0.43207954747648275,0.0004012997084019217,0.012565889755970224
2.488116818647446,-0.43290048943253323,0.00047503899246318385,0.012922036988832415
2.5560349113824805,-0.4325552818204625,0.00032780720912314843,0.01227534679156884
2.5589323106251003,-0.4331240308086464,0.0006650300156138497,0.012883481151774814
2.7364883656767285,-0.43465694061476073,0.0004649957499044001,0.01170537679793536
2.7955392334650804,-0.4350390872583806,0.0003391483712599692,0.011644416495269214
2.8570765958283224,-0.4351203111290829,0.0004784046111086792,0.010851371165211095
2.885055908354697,-0.43502275613477887,0.0003611112434306747,0.0110587869543865
2.9356756194529767,-0.4357112827752543,0.00024073948799214587,0.010584157430377258
2.9376795452063744,-0.43470727407751636,0.001240822252908263,0.011158857687991902
3.0126306627322377,-0.4358184879145578,0.0003948912495650951,0.010034589261434154
3.1055323486279294,-0.4361042440826167,0.0007793538386026577,0.012421614904691325
3.121862281017501,-0.4362999673081182,0.0003971254225672937,0.010261916237823807
3.301643577990645,-0.43753469040098886,0.00034586000817918896,0.009345783809588703
3.317159532457892,-0.4380625074578075,0.0006981153016413993,0.009843682715471827
3.444334980568641,-0.4379043800187382,0.0002519594667420397,0.00890005659491951
3.4528737928479165,-0.4380221950466415,0.0003523411901251628,0.00934046888523223
3.468103089365389,-0.43830359715427697,0.0002861035924704255,0.009002960835977968
3.468514519966506,-0.43860332224838605,0.00040692742075905646,0.008259983565759401
3.4915842776216586,-0.4383749125396684,0.0003361655747814504,0.008300895929749095
3.53601358575673,-0.4387216877685315,0.0002868323732575704,0.008627105073389539
3.5563900254476573,-0.4387785725352798,0.00046076342530968216,0.008516539813274637
3.5655745606510076,-0.43910452868623806,0.0002175352139358414,0.007539862041815708
3.6039570461579555,-0.4387364502350355,0.0002566952221559392,0.007968532235936104
3.6406886651310106,-0.4388350008800643,0.0003926618909607459,0.0078031386304344115
3.7269596957397884,-0.43871568611961526,0.000292221164971619,0.008639307399982534
3.7422160923375074,-0.4396865550408111,0.00036936318019936476,0.008336487835991419
3.768690302211546,-0.43925735258120197,0.00044175094239824086,0.007725839098666265
3.840338612315426,-0.4395441131571697,0.00030977179246764665,0.007671456942356421
3.942959994083105,-0.4402774332355482,0.0002749988170319149,0.006435631224612284
4.072534152494534,-0.44071088862502594,0.0003821991284397246,0.007463054665699615
4.0957860657729,-0.4404517789674156,0.0007535542412380702,0.006991907933021584
4.096812591127421,-0.4406380295461179,0.00036900657153944713,0.007171676323230883
4.102002686966062,-0.4388955634677122,0.002457795913458664,0.00815574105244989
4.22689190053367,-0.4409605237006717,0.0002603371530153451,0.007293782775822517
4.232878674194117,-0.44070326095793727,0.00028295835288665445,0.0070327694704706515
4.250790192195061,-0.4416082858670793,0.0002552184562422016,0.006478351642706488
4.268661173879981,-0.44131957434377395,0.00024281381506262086,0.006461001121927598
4.2867749930814005,-0.4415144327710778,0.0003254762368438211,0.007046863165475896
4.334506069872531,-0.44143791708443375,0.00026406176870012087,0.006001140362783167
4.383390918232349,-0.44129421545626096,0.00024252366477996385,0.0063754755735351285
4.462681518696277,-0.4420241751779387,0.00025704771493679726,0.006057441170161424
4.539989317697486,-0.4415925140758752,0.0004094836120334071,0.0065529440309483235
4.700579604473421,-0.4414464666390779,0.0005826387030330724,0.006593876667618181
4.733613599936696,-0.442618047683437,0.00046000495218083306,0.006137245069054178
4.801433953557543,-0.44273553509816566,0.0002172248174106508,0.005924029320296674
4.80977779350746,-0.442775150674557,0.00017487488976112236,0.005774894465528252
4.868366739554483,-0.44269849947015444,0.0004295343618927384,0.005517245173307669
4.88567402321925,-0.4429902920532626,0.00020124144474517583,0.0055239001144970394
4.929612296267829,-0.44318158313535133,0.0001619552184691062,0.005630172899159913
4.9497645747950605,-0.4430550434939896,0.00024778037651061155,0.0056869888465047895
4.970949006929724,-0.4428712909359131,0.00023155007557199367,0.006010176207912241
5.002292043448178,-0.44328422496137454,0.00021002225126972926,0.005743377032411989
5.040922513692681,-0.4430947482379156,0.00019770668889549763,0.005550479403166675
5.046643352428007,-0.4435236776906236,0.0002111462879686197,0.005279108363742268
5.099694388052506,-0.4431231852593963,0.0007354656707772113,0.005533528567037948
5.136977419486364,-0.4435695657095566,0.00020018549751365744,0.005263318468619373
5.138870137413699,-0.4432964964951699,0.00020468890760625048,0.005242011953332679
5.154085243194244,-0.4435234256818042,0.00016545007347716574,0.005195971161777504
5.165125369682803,-0.4433436642792695,0.0005884200389135496,0.005937603745612335
5.181927484325396,-0.4434020796954735,0.0005249561457492435,0.0064146238864300105
5.204538296333331,-0.443745139187466,0.00023751322231691267,0.005259792931072519
5.20794975393428,-0.44393387866202405,0.00032177733074597936,0.005067761805112528
5.2344688634849295,-0.4438684243634159,0.00022832960338709348,0.004977912529370401
5.2413702868238445,-0.4437524268660166,0.000177929251258215,0.00536779964712712
5.2695705377847295,-0.4439375562887539,0.0002367943993019479,0.005019739043502567
5.363299325506974,-0.44422294539849017,0.0005252597150992526,0.0053389457024089
5.427487746383004,-0.444017744615359,0.0003436978556508537,0.004856256310158329
5.428390112621684,-0.4439556251343729,0.00018347400980676368,0.005076075775456986
5.510837291894312,-0.444444022956607,0.0002855482613553006,0.005135132789878484
5.562254490500255,-0.4441002504751532,0.00023788445717631048,0.005001788231815867
5.576597043652868,-0.4442768490056806,0.00020191718809408263,0.005035887823520203
5.65323029255176,-0.44433801047400484,0.00030745357459189486,0.004967248834683079
5.704340766927787,-0.4446977243987827,0.00023591183411349762,0.004845254817377427
5.712430183547322,-0.4444585772407129,0.0002938754682760954,0.005812253471644892
5.795360516226732,-0.44515832965689517,0.0003584057919984008,0.004423093642198001
5.800996139318661,-0.44435295863896557,0.0003950078057123589,0.0050588233029139375
5.828553652135245,-0.445000017508594,0.00014126590362482393,0.00464138927952367
5.845555526610726,-0.4451444612890199,0.00020036236009749324,0.004670737682675527
5.935182909585622,-0.4451794180137432,0.00024676661724609315,0.004962419336134051
6.017789408864214,-0.4452457743651725,0.00019038894861219066,0.00489646060522808
6.120477752003385,-0.4455785430315474,0.0001741734749053299,0.0043384567377701844
6.19948057910773,-0.4455581826374321,0.0001855724334608993,0.004604854019327802
6.2928336486877505,-0.4455122339205533,0.0002416821055701343,0.004644379034313658
6.321871561752141,-0.4458129299797432,0.0002166965859831641,0.0046901836974592125
6.347187876912071,-0.4458442625956581,0.00014996905160454856,0.004454634082065572
6.376417004912785,-0.44617228309707135,0.00016184771164819988,0.004496722696770094
6.391594713240084,-0.4460498725238014,0.00020774818395600614,0.004135836602625816
6.4219791814452085,-0.44589637126298154,0.0002219253875154805,0.004221293731385372
6.480385009092599,-0.4465348239790762,0.0002840358110538703,0.004038487544624311
6.534008309740841,-0.4462087849000831,0.00022706670875123145,0.004278013419166301
6.565225393246647,-0.4466221921352561,0.00020296769399170335,0.004160267852824127
6.618082204720357,-0.4464717569625762,0.00016362865169164265,0.004217429548120418
6.77664518836336,-0.44694269415773963,0.0004217828369542485,0.003891418537822806
6.826817937012331,-0.44657563874768447,0.00014351742011806869,0.004055779845805105
6.84786837117761,-0.4467283877272189,0.00017196601848139522,0.004220094274954112
6.857061499777087,-0.4465923268424323,0.00014736060551214148,0.004058411192185159
6.880296613448501,-0.4469418840515516,0.00015674744693630223,0.0038883295718761405
6.954705079204893,-0.4470968990201663,0.00023568040456702885,0.004007553549892656
6.968534287340669,-0.4472931351291119,0.0003633239132557996,0.003910597371066801
7.011494837793044,-0.44694543780520013,0.0001860595888574102,0.0037452151716955845
7.049511979992869,-0.4473592251142998,0.0002852444958762911,0.0038332864643868454
7.080332450651218,-0.4469142261115911,0.00016635533932576432,0.003850884769990039
7.224598477790533,-0.44746902836772234,0.00021510648418050953,0.0038850694126547195
7.249676341771914,-0.4473230031568589,0.000225768669626017,0.003612293822721951
7.27368613402483,-0.44726315145621715,0.0004117058757169059,0.0038022467775840284
7.293990527784309,-0.4474681298289009,0.00022922320952860372,0.0037216347712254005
7.358310571529813,-0.44731085609654075,0.00014042583905060415,0.003917048297885409
7.3887519771069226,-0.4474740811520786,0.00018334456601990987,0.003482355054222976
7.393741675467528,-0.4477085452579276,0.00012582032918151092,0.0037452422707674056
7.395681870872826,-0.4472340474193215,0.00034827038470815365,0.0035403196012354678
7.5563645046270755,-0.44798910730415864,0.00017231926734930428,0.0033536692810122023
7.708743747013486,-0.44817514124878366,0.00020104658562930194,0.003520766100389533
7.740934748290986,-0.448255883917775,0.00026208783904078985,0.003604296690778855
7.752747535705902,-0.44804123736440954,0.00017172139483327613,0.0036027558328201913
7.9360798784868845,-0.44851939918985156,0.00031193054552767975,0.003692575758206665
8.026578309614614,-0.448517262487728,0.00017268255659368375,0.003119574204612762
8.028451692902605,-0.4483621161956926,0.00028779505592944904,0.0033485644701922216
8.052435936549765,-0.44852332324618455,0.00018885194225125702,0.00356224937871376
8.124615946487395,-0.44856648989110426,0.00013279268110093383,0.003284625590265818
8.125005392398116,-0.4486328983380359,0.0002086003464773529,0.003396792215987835
8.126622569089005,-0.44870142588289,0.00019520266703969367,0.0033765951022099636
8.135357532465115,-0.44867657896278773,0.00018108579449430102,0.003478471322549581
8.187890094812992,-0.4485034563447264,0.00017971881748880526,0.0035014985162961122
8.298843834258497,-0.44870689670197417,0.00020424229545938622,0.0034239224786492208
8.310144693797014,-0.4488321942964291,0.00013233046880974214,0.0032308466955489603
8.356769771407194,-0.44877211891966173,0.00037723257636838897,0.003602463506025582
8.370439096108315,-0.4489269498054562,0.00015366377566214528,0.003174252840060228
8.39144471575215,-0.4488852430912732,0.0001525648206719115,0.003233536419953101
8.393459801986783,-0.44877821133514817,0.00023401451581795118,0.0033552687728342005
8.405819669267848,-0.4488986173369997,0.0001484574651679999,0.00333755067216488
8.410224651392948,-0.4487028694543275,0.0002224304150085636,0.003158632774880317
8.573762866069849,-0.4488333419401139,0.00018997718705922626,0.003319737668502053
8.65571073543044,-0.44945138376800714,0.00024586089422645166,0.0032020466698705744
8.744960740279554,-0.44907234554871717,0.00018628034498538036,0.0032294281054055713
8.795178017263623,-0.44881599079025597,0.0005416248078754369,0.003410916611444145
8.868047470914416,-0.4493371990421626,0.00018340382180291514,0.0032402094098740826
8.871440152121313,-0.4490025004501345,0.0003210151841474064,0.00428346171133738
8.887438430070393,-0.44936174482728497,0.00011540661557644015,0.0032266039202635947
9.22848881175013,-0.4495389815664949,0.0003252067629063062,0.0032453436819088067
9.263509756972438,-0.44999895145880975,0.0001516451456767935,0.0027493737837029977
9.323036611521013,-0.44991997989230026,0.00016105549372845085,0.0028421305230233655
9.387884849412092,-0.449809248996703,0.00014674990519211611,0.0031370053733944647
9.41144035254771,-0.45023489970572983,0.00021111376566661656,0.003173277012738329
9.428714365251897,-0.45008007501511293,0.00020655500837987953,0.0032997598311086257
9.45523989554828,-0.4497691928383902,0.000257910378349401,0.003281615955852876
9.470596444500325,-0.4499611313524847,0.0002383795788564959,0.003439637639705199
9.518518542611798,-0.45024311169147024,0.00012257520475690518,0.0030018710761305777
9.535031004219704,-0.45013991258879316,9.81347807115422e-5,0.0030143581587132665
9.567343997974277,-0.45009265353954214,0.00019566528333066056,0.0031386114396988823
9.6421044126613,-0.4503528545398623,0.0002927698679960334,0.0029314463485269043
9.703356518730752,-0.45026725202571577,0.00010223297161044842,0.0031274972369228324
9.70928901649995,-0.45042142657209805,0.00014897957757352767,0.003079627734114414
9.7237228988017,-0.4504539965772197,0.00023345205140508414,0.0029989747731929443
9.873436410178963,-0.4506498048507471,0.00015856152268861468,0.003019805068976158
10.058013928639014,-0.45073604390364447,0.000279096855868256,0.0030652510029149024
10.118748764054555,-0.4506497113170841,0.00015938976900490355,0.0030273492760691553
10.13346088943759,-0.45065441003223555,0.0010535968519296158,0.0035601707879077613
10.19931262786448,-0.45087135832354414,0.00014905827556842638,0.003003708225524314
10.202879124907419,-0.4509304904295612,0.00012145057912218903,0.002941448973703154
10.228257510123031,-0.4506559426281335,0.0002020154643182125,0.0030896595290169793
10.286977553790624,-0.45113497842091915,0.0002389861921191743,0.002716870652205258
10.321299828115876,-0.45060157537055817,0.00035008688619752145,0.0027653933857453433
10.384614687666609,-0.45089593810410084,0.00014325859622169805,0.002914086027693371
10.409377748906536,-0.45102622624655564,0.00015339050735321412,0.0027437979858241273
10.447379720333725,-0.4509795270966931,0.00015384493086103464,0.0030984384063210495
10.447830496107368,-0.45096957244374075,0.0002493362876663154,0.00289859540652158
10.467244844438776,-0.45086948778354247,0.0001608481405888311,0.002907269895064354
10.496688946192279,-0.45093534196129226,0.00013985497140093372,0.0028301812028763453
10.56286092484625,-0.45085952493491827,0.0002852967466032564,0.0030607955600154735
10.728797623999121,-0.4512015230636276,0.0002638224507359547,0.0031997952764338602
10.788149418097278,-0.4511885137491415,0.00026280155832690896,0.0026910957456438506
10.805874785561114,-0.45079421010913606,0.0002867103707449867,0.003082876378398606
10.860453421774356,-0.4515587153636497,0.00015619714096292133,0.002816610773406538
10.946591970879542,-0.45140137621485227,0.00022141822207324914,0.002690638280289322
11.018035750129012,-0.4514917865302649,0.0001554671397345979,0.0028472256662985967
11.164134261365879,-0.4518931144764015,0.00018857910762989653,0.0023401250503790132
11.268966235727117,-0.45178990682398323,0.00023686636223577303,0.0028818498914538696
11.27821847601435,-0.45196382955564784,0.00045648224308951794,0.002893964913046248
11.307116131799068,-0.45188348618919383,0.00012585322288525194,0.0025720252314143863
11.350133499063213,-0.45164424480205106,0.00016050721090370176,0.0028633430509891655
11.364212944831484,-0.4518220979224377,0.00010498142749623737,0.0025979244965917522
11.436169934611527,-0.45151508803400653,0.00048350235719325004,0.0029505494100057297
11.449114607722919,-0.45196855036379086,0.00013671525403778035,0.002545734702333968
11.545786569086385,-0.45200644226054215,0.00015252245083036966,0.0028237845997793067
11.603827910493465,-0.4520515140555293,0.00014285340564482345,0.0025048205669686015
11.632621771376208,-0.45226045630180073,0.0001692333318681036,0.002607005153243881
11.687778602540144,-0.4521062783518266,0.000251884215669662,0.0027933832742154767
11.71776931536476,-0.4521992052771312,0.00010614545499454125,0.0026164560015344315
11.755312349506726,-0.4520665491365337,0.0001060644938408558,0.0027304585173332885
11.802854880668352,-0.4521038531057668,0.00018177002847677317,0.0024690386254316065
11.883979989615558,-0.45238563202783255,0.00012673983164669523,0.002605527903534397
11.936646841588722,-0.45168857891187886,0.0003387184011272385,0.0028196507762371036
12.014011804280054,-0.45254080680325914,0.00019794228026740008,0.0026203936009305726
12.025830341951725,-0.4524516354054185,0.00030375231868979186,0.002570721383753293
12.09653135268265,-0.45260028471297437,0.0001608641490190578,0.002418924606274526
12.13347694421239,-0.4524551960434137,0.00019387125465422333,0.0027042358125730194
12.151523537968135,-0.4520827520559223,0.00028106498025545036,0.00266884961013385
12.179789848365864,-0.45254283866324957,0.0001550392215526589,0.002857689370767787
12.186685156282863,-0.4525872062027902,0.0002990092517093338,0.0026619896447526276
12.294609835410256,-0.4525139095761469,0.00017223964199164618,0.002470386576131805
12.313586424767184,-0.45266264455686356,0.00012672109859129373,0.0025364368631504617
12.32604161665664,-0.4525579576821018,0.00012953381223775655,0.002650628050960064
12.391658147357894,-0.4528527172764383,0.0001472357650791198,0.0022918584825590686
12.39719352809207,-0.4527733201369252,0.00013900702370979733,0.0025678921389930102
12.401925692502495,-0.45264895014675055,0.00011497548214532851,0.0026870555582086384
12.408849682185625,-0.4527253804924691,0.00011160111874396981,0.002485651576558248
12.409468996993601,-0.4526063449652575,0.00011148735142895776,0.0026522881724303734
12.413228797603255,-0.452828106380997,0.00014655615386434276,0.0023710854322701877
12.557932436479522,-0.4527814897582417,0.0001604193437869298,0.002500416634891384
12.583857550309016,-0.4531376713626284,0.00012794669825202582,0.002545289328625831
12.602533602037507,-0.4530930810447767,0.00016041126186078512,0.0023830384213357507
12.770341384909901,-0.4528869466197621,0.00013618309982384554,0.0024652054816877867
12.789687210252874,-0.45314717891107986,0.00014134121514724392,0.0025290025686125037
12.826247181656791,-0.45296057538761153,0.00010577404466096132,0.0025218763480825204
12.83303785793024,-0.4529037240796235,0.0001655129239955698,0.002597409245302261
12.874113474292455,-0.4532716587048092,0.000195191894058022,0.002443053048436112
12.897480477017263,-0.453134318731588,0.0001506108157245015,0.0025227390288636536
12.907741979406088,-0.4527635772070752,0.0001634829008881657,0.0026410081417407023
12.913174476523427,-0.4532142878540252,0.00019965934385526656,0.0023936924904958217
12.928448854620896,-0.45324318341221276,0.00013719986418344045,0.0023919422477609777
12.928748191730687,-0.45324492335240557,0.0001212275794059002,0.0020531119656865882
13.030230913292693,-0.45305690848389757,0.00011733456238728943,0.0024755868864075204
13.138003741215146,-0.45327663982459077,0.00017605801819033784,0.002293462980157565
13.155867534018169,-0.4530841281912907,0.00025867424038108605,0.002609861220346362
13.164849469723508,-0.4532385005929467,0.00024122072482507978,0.002458522091063189
13.188822522470991,-0.4534772644213892,0.0002038417189793481,0.0023510474104260887
13.23683582033963,-0.45345497287517356,0.00023915609776243386,0.0022997646821762275
13.237688945509456,-0.45345272473555187,0.00011273821811889399,0.0024281326858637043
13.27803593568821,-0.45339028708617135,0.00012197998766595073,0.0024675490400841616
13.331693741560045,-0.4534843856737999,0.00015181993940869653,0.002381499712102026
13.407444805995459,-0.45342247427918,0.00013578885663801638,0.002650751003679462
13.41702044963112,-0.45337711430918826,0.00015332869196670656,0.0023979607339571617
13.419975193435608,-0.4527667999950033,0.00046095253772652703,0.002905277831914782
13.528072153724208,-0.4536473193306608,0.00016701167716940275,0.002386505185668886
13.541434707364315,-0.4534547956848795,0.00014590618351188107,0.002508076804785647
13.571820053433331,-0.45358513529733213,0.00014706640171873578,0.0024998124278536294
13.575007830175508,-0.4535475463465277,0.00012692136663815132,0.002522518032931529
13.60133811193117,-0.4536455265776548,0.00013521373716624213,0.002392845840782308
13.703041865923172,-0.4535859509777062,0.00021673127497066875,0.002475243586886663
13.779341721919169,-0.4537498559575451,0.00017156053885188327,0.002294087387649847
13.82208230718452,-0.4537400911307395,0.00014196876450213333,0.0023389154120969074
13.839189630233284,-0.4536262391067149,0.00016280119256986922,0.0025605026070751173
13.850259752351377,-0.4536409726327054,0.00012740411947603108,0.002260000291344641
13.862183975886923,-0.4537922542009201,0.0001340154922526044,0.0021446279941372093
13.883529019099528,-0.4538323256121889,0.00015312180948651565,0.002301574863919983
13.886060955513793,-0.45378616521071596,0.00011662482670472878,0.0020532594604667103
13.88967870290973,-0.4538778917210257,0.0002573750619194118,0.0024906549902213838
13.952492066966396,-0.4539051602022981,0.000150569232327623,0.0022945209593962304
13.97435592375802,-0.45423443190567747,0.00025117202917337484,0.0021540568422241477
13.987906782941014,-0.45402009262803816,0.0004890926526917921,0.0021679235309710917
14.128214061976822,-0.45366946441880757,0.00012349389668662417,0.0025605951322385206
14.327026014724657,-0.453899569005823,0.0002817660580207782,0.0024700476004712564
14.37295098080735,-0.45403156184221155,0.0001502943873544913,0.0023800111903886324
14.403199848100535,-0.45424921126382795,0.00011613688679331082,0.002191827719847424
14.443364869502986,-0.4546370993294946,0.00031285421067468397,0.002268367396927295
14.4777685771458,-0.4544858632414177,0.00013047023449922873,0.0022742166764554293
14.539699699586526,-0.4541461867576536,0.00019792750084403636,0.0023474833949351736
14.555282115925435,-0.4544346425695247,0.0001512740205478291,0.00212916266742795
14.56027546907772,-0.4541855811205566,0.00017550014170886208,0.002483310668476178
14.565205611359072,-0.4541156322616354,0.00016948048777254836,0.0025674955833686263
14.5835076883847,-0.45441488915488504,0.000190891722833285,0.0021088506068753085
14.59590514739649,-0.45458181771789496,0.00029662522872950497,0.0021940747151472486
14.607938137536388,-0.45410944429098277,0.00020007733523492757,0.0025899654854453545
14.65619997904463,-0.4541646972112279,0.0002526751421970124,0.002588724039145085
14.746187651284417,-0.4541871600062192,0.00016031269713493725,0.0025170898170741476
14.779577018375413,-0.454354892815854,0.00016130611985775984,0.002156603113125768
14.791717549312981,-0.4544741473787371,0.00028681652832201056,0.002271276957765571
14.82860642678829,-0.45454345285456577,0.00010781520989710572,0.0022696821279624795
14.835611045526973,-0.45433406201919097,0.00018294486931331994,0.002368103429172645
14.961353200414639,-0.45452257138857216,0.00010697208572540157,0.002178937404167643
15.025263326285799,-0.4544016757609747,0.00013843335907101715,0.0023460222159897084
15.040201165537145,-0.45442866753919897,0.000291684837374886,0.0022040345620377446
15.095671119961784,-0.4546151404965441,0.00025632771459917816,0.0024633361104457858
15.130818031652286,-0.45506218476248766,0.00023238182070012907,0.002194007692774896
15.167975660110825,-0.45477459283819377,0.000157230461138529,0.002220874604358482
15.19176218855608,-0.4546083012130707,0.0002191440818449234,0.0022772626001225085
15.30272517791444,-0.4544809870616086,0.0002239671675511674,0.002574760780585036
15.341521040946692,-0.45450267732328714,0.00010280539282413223,0.0024380956063700227
15.373879005089917,-0.45499180191850436,0.00014035908523629505,0.0022966205722950686
15.463592712174558,-0.45465614281316447,0.0001367252993011075,0.0024464437343472535
15.556461869957248,-0.4550214639682974,0.00015163677232130313,0.002113554762044832
15.579893693766632,-0.4547105801851975,0.00023880204477241555,0.0022329766317829717
15.653479809523109,-0.45488261349529946,0.000121875541258532,0.0022012439724425842
15.679686573573322,-0.45489459023737205,0.00017981304742735224,0.002173808508527852
15.700513953475076,-0.455029539780249,0.0002344174979057201,0.0022827434769885323
15.892032711661498,-0.45501265164854476,0.00024650468587889625,0.002272747521917227
15.978158536504699,-0.45478443095947363,0.00015920148699935055,0.002334469041155544
16.00340773811589,-0.45529274670347947,0.00018909222951987725,0.002090446184442297
16.044170035334368,-0.45518014729320283,0.00013962294293153125,0.002123677174707884
16.10673379186253,-0.4552926668448181,0.00012257057863586336,0.002186747973710836
16.125979496160237,-0.4553450510835199,0.00022477158611413893,0.0020682847068559454
16.133767022593435,-0.45525053057478415,0.00013069879447651756,0.002355651141888568
16.14493640493306,-0.4555783041227007,0.00045908469340641,0.0022184533850315917
16.18110017377459,-0.4545090035387653,0.0006836777358198394,0.002542889557190554
16.183671101966574,-0.45489954432301155,0.00018219256106703934,0.0023700841724212445
16.190888496326192,-0.4553506598729693,0.0001850785923795182,0.002162389944291297
16.254492809994193,-0.45533211988589256,0.00016436178987467285,0.0022488702413487613
16.295500133122164,-0.4552360011993813,0.00014522071227660447,0.002368834121586743
16.404007360394186,-0.4556559220104838,0.00019726519348125724,0.002201452649178338
16.473019911609597,-0.4553056315980426,0.00012129077745693695,0.0022619307131962227
16.510033358449565,-0.4552333949986855,0.0001480924995469464,0.0023511486453298373
16.539552379900023,-0.4554059023125693,0.00014588380345256408,0.002043097223524989
16.607672184051424,-0.4555788089905196,0.00025515252186162946,0.0021264769013694144
16.625593773219492,-0.4556031301509636,0.00012583726558923955,0.0020902762173158054
16.676469317455272,-0.45560237116083985,0.0001332943069593043,0.002192074859041483
16.757313313946806,-0.4554139687975663,0.00014026990313877643,0.0022841658679639194
16.76344052417759,-0.4553175923176473,0.00020699509891561454,0.002261795286037116
16.76629416488278,-0.4556329091423486,0.00020781325692972212,0.0022276405114171095
16.798802387199068,-0.4557328990920358,0.00015432450054067597,0.0021046657009703754
16.80229659284918,-0.45558999861970756,0.00011217037477173907,0.0021400697288733108
16.82082561800314,-0.45573592959488984,0.000171113646870817,0.0021961707349272453
16.85252781199906,-0.45554288489632,0.0001365046931068371,0.0022323128935530343
16.858668584762846,-0.4556733830686719,0.00019007519088071027,0.0021506037484941352
16.913261362646825,-0.4555748301954568,0.00013468589896679608,0.0022739836928311412
16.933708818052644,-0.45563927617377176,0.00011449732233711769,0.0021565707858261416
17.00121631259261,-0.45586185126277395,0.0001207972897616052,0.0022299175616256823
17.077898392213466,-0.4556784733630325,0.000127623150261881,0.002215661841142568
17.08924432592562,-0.45579161582105654,7.568353326893235e-5,0.002126302918803735
17.159487143589157,-0.45581887430664186,0.0002242647263221082,0.0021798238574561634
17.328239689867882,-0.4560016045169482,0.00017919566819161586,0.0018700604807952508
17.364811942720163,-0.4557359406890834,0.00021272144963567594,0.002241706227367117
17.39030090233733,-0.4558945002781284,0.0001946237775050733,0.002152869925928357
17.418344361886415,-0.4556290923191524,0.00011200707142571362,0.0023124325440783597
17.52548456873549,-0.4559429795034113,0.00018004845104177374,0.00212859973496284
17.570253832545156,-0.4550669650431281,0.0007225939546749485,0.0025887632854989908
17.60131772981968,-0.45608129742455844,9.261722142550179e-5,0.0022765209129192434
17.66298969279877,-0.4560722085925375,0.00018398218305936496,0.0021096817572957166
17.701950017601042,-0.45598655210720007,0.00019300056582179946,0.0023618369977582367
17.72203632799643,-0.4562789721356898,0.00021947625955951507,0.00206065504092092
17.87848483645723,-0.45574866682398896,0.0004218012138593939,0.0023445768544730888
18.05608885472329,-0.45638501885182775,0.00020876842180306274,0.002241799552078179
18.05797793064234,-0.4561105494931473,0.00015260963927919978,0.0022764262757017845
18.064115434173,-0.4563630416908569,0.00015384644129228396,0.0022379470376330435
18.08171544718722,-0.4561735651601128,9.474198934114818e-5,0.0018993807757712645
18.146867023383464,-0.45609909118645847,9.332110407361375e-5,0.002009565550182597
18.309700973542043,-0.4563889185600022,0.00013598576057404952,0.0021707534124551318
18.331555433518464,-0.4563654607311586,0.00011682176535305014,0.0021914354994575806
18.366749415893125,-0.4561923423191135,0.0001255552816382482,0.0023065726555982816
18.378108240169666,-0.4566308742745597,0.0003466384989685851,0.0021207953884822663
18.37923457156052,-0.4563172080180866,0.0004008076492238703,0.002185982749231906
18.409959585694637,-0.4563133926306277,0.00015842019510158475,0.0022811925283512924
18.491152103749922,-0.4563769604058782,0.0001795922148904389,0.002202859082367868
18.59983467213838,-0.45633630907056955,0.0002704292084823553,0.002362255196036531
18.76715132924521,-0.45640095833015665,0.00010919338314670465,0.002154275424269488
18.78529016450211,-0.45668278542994406,0.00014716915521501304,0.002201728075252169
18.823927686328627,-0.45655983183247556,0.0003511378044643337,0.0019958733123398155
18.870955746668365,-0.45684017390950826,0.00015777837072021187,0.002097990908197453
18.89104544123036,-0.4566120779989456,0.00012940243481018496,0.0023257742199855763
18.902433461252286,-0.4568489573910437,0.00011734042840604053,0.0021985391446100056
18.905930197052502,-0.4565387086085767,0.0002012357429827108,0.0022585809335919846
19.14342428533713,-0.4562867867405187,0.000140985852047988,0.002335421307151731
19.371667027474558,-0.45659506262170213,0.00012173972679556153,0.002317085364565889
19.43354846070155,-0.4562966488009228,0.0005904248150481257,0.0026483971624654437
19.450592196669877,-0.4570421595221074,0.00012877205903008841,0.0021844921360275643
19.475056828929073,-0.4568722561394068,0.000177665442644898,0.002156255962232128
19.478922267718932,-0.45664622860247495,0.00020572361591054926,0.002375743804186927
19.483149833737137,-0.4567011966531688,0.00010384208010963717,0.0023607070515814653
19.503356149993852,-0.45691654098992496,0.00016790517248607142,0.002258885208575527
19.56912313051057,-0.45696015901861514,0.00015197808850708712,0.002341286244978084
19.59010397027545,-0.4573015832530859,0.00018905639642685123,0.002012151939392462
19.662155749360174,-0.45665244303068264,0.00029547363226871637,0.0025107459637169604
19.79325715622973,-0.456712174617182,0.0002769641867492236,0.0022504289625377163
19.819281564070565,-0.456696141920657,0.0003334384015843661,0.002259376952158126
19.84972910392501,-0.457266256506082,0.00019185517386702706,0.002185928159753431
19.85026450226252,-0.45712159534903124,0.00012534303823043174,0.0021426867736645486
19.864485076295995,-0.45727543256510483,9.304275006865028e-5,0.0022148281272551355
19.906717038884533,-0.4565842656684223,0.0002641198497518403,0.002431459163855283
19.95755707701622,-0.4571610315608535,9.286338863124133e-5,0.002162945521006663
19.967404374390913,-0.45701140705270665,0.00011750235216188341,0.002319528208645401
19.9790818988069,-0.4570319540476766,0.00019288914443722814,0.002197354179671372
19.996144333978258,-0.4572086752187499,0.00021743146210684145,0.002091202410634907
